user_id,age,gender,city,income_group,device_type,segment,segment_name
user_1,35,F,Delhi,Medium,Mobile,0,Budget Conscious
user_2,40,M,Chennai,High,Mobile,4,Frequent Buyers
user_3,30,F,Delhi,Medium,Mobile,0,Budget Conscious
user_4,40,F,Pune,Medium,Mobile,0,Budget Conscious
user_5,40,M,Pune,High,Mobile,4,Frequent Buyers
user_6,25,F,Chennai,Low,Desktop,1,Premium Buyers
user_7,30,F,Delhi,Medium,Mobile,0,Budget Conscious
user_8,30,F,Pune,High,Mobile,4,Frequent Buyers
user_9,30,M,Bangalore,Low,Mobile,2,Tech Enthusiasts
user_10,40,F,Mumbai,Medium,Mobile,0,Budget Conscious
user_11,35,F,Mumbai,Medium,Mobile,0,Budget Conscious
user_12,30,F,Mumbai,Medium,Mobile,0,Budget Conscious
user_13,45,M,Delhi,Medium,Mobile,2,Tech Enthusiasts
user_14,40,F,Chennai,High,Desktop,3,Casual Shoppers
user_15,25,M,Pune,Medium,Mobile,2,Tech Enthusiasts
user_16,35,M,Bangalore,Low,Desktop,3,Casual Shoppers
user_17,45,M,Bangalore,High,Mobile,4,Frequent Buyers
user_18,45,M,Delhi,Low,Desktop,3,Casual Shoppers
user_19,25,M,Mumbai,Medium,Mobile,2,Tech Enthusiasts
user_20,35,M,Delhi,Medium,Desktop,1,Premium Buyers
user_21,40,F,Chennai,Medium,Mobile,0,Budget Conscious
user_22,20,M,Chennai,Medium,Mobile,2,Tech Enthusiasts
user_23,35,F,Pune,High,Mobile,4,Frequent Buyers
user_24,25,F,Pune,Medium,Desktop,1,Premium Buyers
user_25,45,M,Chennai,Medium,Mobile,2,Tech Enthusiasts
user_26,40,F,Chennai,Low,Mobile,0,Budget Conscious
user_27,35,F,Chennai,High,Mobile,4,Frequent Buyers
user_28,20,F,Delhi,High,Mobile,4,Frequent Buyers
user_29,20,F,Chennai,Medium,Mobile,0,Budget Conscious
user_30,30,M,Bangalore,Low,Mobile,2,Tech Enthusiasts
user_31,30,F,Mumbai,Low,Desktop,1,Premium Buyers
user_32,25,M,Chennai,Low,Desktop,3,Casual Shoppers
user_33,35,F,Mumbai,Low,Desktop,1,Premium Buyers
user_34,35,F,Delhi,Medium,Mobile,0,Budget Conscious
user_35,45,M,Mumbai,High,Desktop,3,Casual Shoppers
user_36,45,F,Delhi,Medium,Desktop,1,Premium Buyers
user_37,45,F,Bangalore,Low,Mobile,0,Budget Conscious
user_38,30,F,Delhi,Low,Mobile,0,Budget Conscious
user_39,35,M,Delhi,Low,Mobile,2,Tech Enthusiasts
user_40,35,F,Pune,Low,Desktop,1,Premium Buyers
user_41,20,M,Chennai,Low,Mobile,2,Tech Enthusiasts
user_42,30,F,Chennai,Low,Mobile,0,Budget Conscious
user_43,40,M,Bangalore,Medium,Mobile,2,Tech Enthusiasts
user_44,30,M,Bangalore,High,Desktop,3,Casual Shoppers
user_45,40,F,Chennai,Medium,Desktop,1,Premium Buyers
user_46,20,F,Pune,Medium,Desktop,1,Premium Buyers
user_47,25,M,Chennai,High,Mobile,4,Frequent Buyers
user_48,35,M,Pune,Low,Mobile,2,Tech Enthusiasts
user_49,20,F,Bangalore,Low,Mobile,0,Budget Conscious
user_50,35,M,Mumbai,High,Mobile,4,Frequent Buyers
user_51,45,F,Bangalore,Low,Mobile,0,Budget Conscious
user_52,25,F,Bangalore,Medium,Mobile,0,Budget Conscious
user_53,25,F,Delhi,Medium,Mobile,0,Budget Conscious
user_54,20,F,Delhi,Medium,Mobile,0,Budget Conscious
user_55,25,M,Delhi,Medium,Desktop,1,Premium Buyers
user_56,40,F,Delhi,Medium,Mobile,0,Budget Conscious
user_57,25,M,Pune,Low,Desktop,3,Casual Shoppers
user_58,35,F,Chennai,Low,Mobile,0,Budget Conscious
user_59,35,M,Mumbai,Medium,Mobile,2,Tech Enthusiasts
user_60,35,F,Bangalore,Medium,Mobile,0,Budget Conscious
user_61,35,M,Pune,Low,Mobile,2,Tech Enthusiasts
user_62,40,M,Mumbai,High,Mobile,4,Frequent Buyers
user_63,30,F,Pune,Medium,Mobile,0,Budget Conscious
user_64,45,F,Pune,High,Mobile,4,Frequent Buyers
user_65,20,F,Bangalore,Medium,Mobile,0,Budget Conscious
user_66,35,F,Chennai,Medium,Mobile,0,Budget Conscious
user_67,25,M,Delhi,Medium,Desktop,1,Premium Buyers
user_68,35,F,Chennai,High,Desktop,3,Casual Shoppers
user_69,25,M,Bangalore,Low,Desktop,3,Casual Shoppers
user_70,45,M,Bangalore,Medium,Mobile,2,Tech Enthusiasts
user_71,45,F,Bangalore,Low,Desktop,1,Premium Buyers
user_72,45,M,Mumbai,Medium,Desktop,1,Premium Buyers
user_73,25,M,Chennai,Medium,Mobile,2,Tech Enthusiasts
user_74,35,M,Chennai,High,Desktop,3,Casual Shoppers
user_75,45,M,Pune,High,Mobile,4,Frequent Buyers
user_76,40,F,Pune,Low,Desktop,1,Premium Buyers
user_77,25,F,Pune,Low,Desktop,1,Premium Buyers
user_78,25,F,Bangalore,Medium,Mobile,0,Budget Conscious
user_79,35,F,Chennai,Medium,Mobile,0,Budget Conscious
user_80,25,M,Bangalore,Low,Desktop,3,Casual Shoppers
user_81,25,M,Mumbai,Medium,Mobile,2,Tech Enthusiasts
user_82,45,F,Pune,Medium,Mobile,0,Budget Conscious
user_83,35,F,Bangalore,High,Desktop,3,Casual Shoppers
user_84,45,F,Bangalore,Low,Mobile,0,Budget Conscious
user_85,45,M,Mumbai,Medium,Mobile,2,Tech Enthusiasts
user_86,35,F,Delhi,Medium,Mobile,0,Budget Conscious
user_87,20,F,Chennai,Medium,Mobile,0,Budget Conscious
user_88,45,F,Delhi,Medium,Mobile,0,Budget Conscious
user_89,40,M,Pune,Medium,Mobile,2,Tech Enthusiasts
user_90,40,M,Bangalore,Low,Mobile,2,Tech Enthusiasts
user_91,25,M,Mumbai,High,Mobile,4,Frequent Buyers
user_92,40,M,Mumbai,Medium,Desktop,1,Premium Buyers
user_93,25,M,Chennai,Low,Mobile,2,Tech Enthusiasts
user_94,20,M,Delhi,Medium,Mobile,2,Tech Enthusiasts
user_95,35,M,Chennai,Low,Mobile,2,Tech Enthusiasts
user_96,35,M,Bangalore,Low,Mobile,2,Tech Enthusiasts
user_97,35,F,Chennai,High,Mobile,4,Frequent Buyers
user_98,40,F,Mumbai,Medium,Mobile,0,Budget Conscious
user_99,20,M,Mumbai,Medium,Desktop,1,Premium Buyers
user_100,40,M,Pune,Low,Mobile,2,Tech Enthusiasts
user_101,40,F,Pune,Medium,Mobile,0,Budget Conscious
user_102,20,M,Bangalore,Low,Mobile,2,Tech Enthusiasts
user_103,20,M,Delhi,Medium,Mobile,2,Tech Enthusiasts
user_104,20,M,Chennai,High,Mobile,4,Frequent Buyers
user_105,20,F,Bangalore,Medium,Mobile,0,Budget Conscious
user_106,35,F,Pune,Medium,Mobile,0,Budget Conscious
user_107,30,F,Chennai,Medium,Desktop,1,Premium Buyers
user_108,30,F,Pune,High,Mobile,4,Frequent Buyers
user_109,20,F,Chennai,Medium,Mobile,0,Budget Conscious
user_110,30,M,Delhi,Medium,Mobile,2,Tech Enthusiasts
user_111,30,F,Bangalore,Medium,Mobile,0,Budget Conscious
user_112,20,M,Chennai,Low,Mobile,2,Tech Enthusiasts
user_113,30,M,Mumbai,Low,Mobile,2,Tech Enthusiasts
user_114,40,F,Mumbai,Medium,Mobile,0,Budget Conscious
user_115,25,F,Chennai,Low,Mobile,0,Budget Conscious
user_116,25,M,Chennai,Low,Mobile,2,Tech Enthusiasts
user_117,20,M,Chennai,High,Mobile,4,Frequent Buyers
user_118,35,M,Mumbai,Medium,Mobile,2,Tech Enthusiasts
user_119,20,F,Mumbai,Medium,Mobile,0,Budget Conscious
user_120,35,F,Chennai,Medium,Mobile,0,Budget Conscious
user_121,25,F,Pune,Medium,Desktop,1,Premium Buyers
user_122,20,F,Pune,Low,Mobile,0,Budget Conscious
user_123,45,F,Delhi,Medium,Desktop,1,Premium Buyers
user_124,40,M,Bangalore,Low,Mobile,2,Tech Enthusiasts
user_125,30,F,Pune,Medium,Mobile,0,Budget Conscious
user_126,35,M,Mumbai,Medium,Mobile,2,Tech Enthusiasts
user_127,45,M,Pune,Medium,Mobile,2,Tech Enthusiasts
user_128,30,M,Delhi,Medium,Mobile,2,Tech Enthusiasts
user_129,30,F,Delhi,Medium,Desktop,1,Premium Buyers
user_130,20,F,Bangalore,Low,Mobile,0,Budget Conscious
user_131,30,F,Pune,Medium,Desktop,1,Premium Buyers
user_132,40,M,Mumbai,Low,Mobile,2,Tech Enthusiasts
user_133,45,M,Mumbai,Low,Desktop,3,Casual Shoppers
user_134,30,M,Chennai,Low,Mobile,2,Tech Enthusiasts
user_135,20,M,Mumbai,Medium,Desktop,1,Premium Buyers
user_136,40,M,Bangalore,Medium,Mobile,2,Tech Enthusiasts
user_137,25,M,Bangalore,Low,Mobile,2,Tech Enthusiasts
user_138,45,F,Mumbai,Medium,Mobile,0,Budget Conscious
user_139,30,F,Mumbai,Medium,Desktop,1,Premium Buyers
user_140,20,F,Chennai,Low,Mobile,0,Budget Conscious
user_141,25,F,Mumbai,High,Desktop,3,Casual Shoppers
user_142,25,M,Chennai,Medium,Mobile,2,Tech Enthusiasts
user_143,35,M,Chennai,Medium,Desktop,1,Premium Buyers
user_144,40,F,Mumbai,Medium,Desktop,1,Premium Buyers
user_145,30,M,Delhi,Low,Desktop,3,Casual Shoppers
user_146,20,F,Delhi,Medium,Mobile,0,Budget Conscious
user_147,35,F,Chennai,Medium,Mobile,0,Budget Conscious
user_148,40,F,Mumbai,High,Desktop,3,Casual Shoppers
user_149,35,M,Delhi,Low,Mobile,2,Tech Enthusiasts
user_150,45,F,Mumbai,Medium,Mobile,0,Budget Conscious
user_151,40,F,Mumbai,Medium,Mobile,0,Budget Conscious
user_152,40,F,Mumbai,Low,Desktop,1,Premium Buyers
user_153,30,M,Pune,Medium,Mobile,2,Tech Enthusiasts
user_154,40,M,Mumbai,Medium,Mobile,2,Tech Enthusiasts
user_155,35,F,Pune,High,Desktop,3,Casual Shoppers
user_156,40,M,Chennai,Medium,Mobile,2,Tech Enthusiasts
user_157,30,M,Delhi,Medium,Desktop,1,Premium Buyers
user_158,30,M,Delhi,High,Mobile,4,Frequent Buyers
user_159,45,M,Delhi,High,Mobile,4,Frequent Buyers
user_160,35,M,Delhi,Low,Mobile,2,Tech Enthusiasts
user_161,25,M,Delhi,Medium,Mobile,2,Tech Enthusiasts
user_162,25,M,Delhi,Medium,Desktop,1,Premium Buyers
user_163,40,M,Delhi,High,Mobile,4,Frequent Buyers
user_164,45,M,Chennai,Medium,Mobile,2,Tech Enthusiasts
user_165,20,M,Mumbai,Low,Mobile,2,Tech Enthusiasts
user_166,40,F,Bangalore,Medium,Mobile,0,Budget Conscious
user_167,45,F,Pune,Medium,Mobile,0,Budget Conscious
user_168,35,M,Bangalore,High,Mobile,4,Frequent Buyers
user_169,35,F,Bangalore,High,Mobile,4,Frequent Buyers
user_170,35,F,Mumbai,Medium,Desktop,1,Premium Buyers
user_171,35,M,Mumbai,Low,Mobile,2,Tech Enthusiasts
user_172,35,M,Mumbai,Medium,Mobile,2,Tech Enthusiasts
user_173,45,M,Delhi,Low,Mobile,2,Tech Enthusiasts
user_174,45,F,Chennai,Low,Desktop,1,Premium Buyers
user_175,30,F,Delhi,High,Mobile,4,Frequent Buyers
user_176,25,M,Chennai,Low,Mobile,2,Tech Enthusiasts
user_177,35,M,Chennai,Medium,Mobile,2,Tech Enthusiasts
user_178,20,M,Bangalore,High,Desktop,3,Casual Shoppers
user_179,45,F,Bangalore,Medium,Mobile,0,Budget Conscious
user_180,20,F,Chennai,Low,Desktop,1,Premium Buyers
user_181,20,F,Chennai,High,Mobile,4,Frequent Buyers
user_182,20,F,Delhi,Low,Mobile,0,Budget Conscious
user_183,30,M,Delhi,Medium,Desktop,1,Premium Buyers
user_184,45,M,Bangalore,High,Mobile,4,Frequent Buyers
user_185,20,M,Mumbai,High,Desktop,3,Casual Shoppers
user_186,35,M,Chennai,Medium,Desktop,1,Premium Buyers
user_187,40,F,Delhi,Medium,Desktop,1,Premium Buyers
user_188,20,F,Bangalore,Low,Mobile,0,Budget Conscious
user_189,30,M,Delhi,High,Desktop,3,Casual Shoppers
user_190,45,M,Chennai,High,Mobile,4,Frequent Buyers
user_191,30,F,Chennai,Medium,Desktop,1,Premium Buyers
user_192,20,M,Pune,Low,Mobile,2,Tech Enthusiasts
user_193,45,F,Mumbai,Low,Desktop,1,Premium Buyers
user_194,40,M,Pune,Low,Mobile,2,Tech Enthusiasts
user_195,20,M,Bangalore,Medium,Mobile,2,Tech Enthusiasts
user_196,30,M,Delhi,Medium,Mobile,2,Tech Enthusiasts
user_197,25,M,Bangalore,High,Desktop,3,Casual Shoppers
user_198,35,M,Chennai,Medium,Mobile,2,Tech Enthusiasts
user_199,30,M,Pune,Low,Mobile,2,Tech Enthusiasts
user_200,45,M,Pune,Medium,Desktop,1,Premium Buyers
user_201,20,F,Pune,Medium,Mobile,0,Budget Conscious
user_202,35,F,Bangalore,Medium,Mobile,0,Budget Conscious
user_203,20,F,Chennai,Medium,Mobile,0,Budget Conscious
user_204,45,F,Delhi,High,Mobile,4,Frequent Buyers
user_205,20,F,Delhi,High,Mobile,4,Frequent Buyers
user_206,25,M,Bangalore,Low,Mobile,2,Tech Enthusiasts
user_207,35,M,Pune,Low,Mobile,2,Tech Enthusiasts
user_208,35,F,Mumbai,Medium,Mobile,0,Budget Conscious
user_209,45,M,Bangalore,Low,Desktop,3,Casual Shoppers
user_210,25,F,Bangalore,Medium,Mobile,0,Budget Conscious
user_211,30,F,Chennai,Low,Mobile,0,Budget Conscious
user_212,20,M,Delhi,Medium,Desktop,1,Premium Buyers
user_213,40,M,Bangalore,Low,Mobile,2,Tech Enthusiasts
user_214,20,M,Bangalore,Medium,Mobile,2,Tech Enthusiasts
user_215,20,F,Pune,High,Desktop,3,Casual Shoppers
user_216,30,M,Pune,Low,Desktop,3,Casual Shoppers
user_217,20,F,Mumbai,Low,Desktop,1,Premium Buyers
user_218,25,F,Chennai,Medium,Desktop,1,Premium Buyers
user_219,25,F,Mumbai,High,Desktop,3,Casual Shoppers
user_220,35,M,Pune,Low,Mobile,2,Tech Enthusiasts
user_221,45,M,Delhi,Medium,Desktop,1,Premium Buyers
user_222,40,F,Pune,Low,Mobile,0,Budget Conscious
user_223,20,M,Chennai,Medium,Desktop,1,Premium Buyers
user_224,20,M,Pune,Medium,Mobile,2,Tech Enthusiasts
user_225,30,M,Chennai,Medium,Mobile,2,Tech Enthusiasts
user_226,45,F,Chennai,High,Mobile,4,Frequent Buyers
user_227,25,F,Chennai,Low,Desktop,1,Premium Buyers
user_228,40,M,Chennai,High,Mobile,4,Frequent Buyers
user_229,35,F,Chennai,Low,Desktop,1,Premium Buyers
user_230,25,M,Delhi,High,Desktop,3,Casual Shoppers
user_231,45,M,Mumbai,Medium,Mobile,2,Tech Enthusiasts
user_232,35,M,Bangalore,High,Desktop,3,Casual Shoppers
user_233,30,M,Mumbai,Low,Desktop,3,Casual Shoppers
user_234,30,F,Chennai,Low,Mobile,0,Budget Conscious
user_235,20,F,Delhi,Medium,Mobile,0,Budget Conscious
user_236,45,F,Pune,Medium,Mobile,0,Budget Conscious
user_237,40,M,Delhi,Low,Mobile,2,Tech Enthusiasts
user_238,35,M,Chennai,Medium,Mobile,2,Tech Enthusiasts
user_239,25,M,Delhi,Low,Desktop,3,Casual Shoppers
user_240,45,F,Delhi,Medium,Mobile,0,Budget Conscious
user_241,45,M,Chennai,High,Desktop,3,Casual Shoppers
user_242,30,F,Delhi,Medium,Mobile,0,Budget Conscious
user_243,20,F,Bangalore,Low,Mobile,0,Budget Conscious
user_244,20,F,Bangalore,Medium,Desktop,1,Premium Buyers
user_245,35,F,Delhi,Low,Desktop,1,Premium Buyers
user_246,30,F,Pune,High,Mobile,4,Frequent Buyers
user_247,45,F,Chennai,Low,Mobile,0,Budget Conscious
user_248,40,M,Bangalore,Medium,Mobile,2,Tech Enthusiasts
user_249,30,M,Pune,High,Mobile,4,Frequent Buyers
user_250,35,F,Delhi,High,Mobile,4,Frequent Buyers
user_251,35,F,Pune,Medium,Mobile,0,Budget Conscious
user_252,30,M,Mumbai,High,Mobile,4,Frequent Buyers
user_253,35,F,Bangalore,High,Desktop,3,Casual Shoppers
user_254,30,F,Delhi,Medium,Mobile,0,Budget Conscious
user_255,25,M,Chennai,Medium,Mobile,2,Tech Enthusiasts
user_256,30,F,Delhi,Medium,Mobile,0,Budget Conscious
user_257,30,F,Chennai,Medium,Desktop,1,Premium Buyers
user_258,35,F,Delhi,Medium,Desktop,1,Premium Buyers
user_259,35,M,Pune,Medium,Mobile,2,Tech Enthusiasts
user_260,20,M,Pune,Low,Desktop,3,Casual Shoppers
user_261,20,M,Pune,Low,Mobile,2,Tech Enthusiasts
user_262,25,F,Mumbai,Low,Mobile,0,Budget Conscious
user_263,20,F,Chennai,Low,Mobile,0,Budget Conscious
user_264,30,M,Pune,Low,Mobile,2,Tech Enthusiasts
user_265,35,F,Mumbai,Medium,Desktop,1,Premium Buyers
user_266,20,F,Chennai,Low,Desktop,1,Premium Buyers
user_267,20,F,Delhi,High,Mobile,4,Frequent Buyers
user_268,25,F,Mumbai,Low,Mobile,0,Budget Conscious
user_269,45,F,Bangalore,Low,Mobile,0,Budget Conscious
user_270,25,M,Mumbai,Medium,Mobile,2,Tech Enthusiasts
user_271,30,F,Mumbai,Medium,Mobile,0,Budget Conscious
user_272,35,M,Chennai,Low,Mobile,2,Tech Enthusiasts
user_273,25,F,Delhi,High,Mobile,4,Frequent Buyers
user_274,20,M,Bangalore,High,Mobile,4,Frequent Buyers
user_275,35,F,Pune,Medium,Mobile,0,Budget Conscious
user_276,35,M,Pune,Medium,Mobile,2,Tech Enthusiasts
user_277,20,F,Mumbai,High,Desktop,3,Casual Shoppers
user_278,25,M,Chennai,Medium,Mobile,2,Tech Enthusiasts
user_279,20,F,Chennai,Medium,Desktop,1,Premium Buyers
user_280,45,M,Pune,High,Mobile,4,Frequent Buyers
user_281,35,F,Bangalore,Low,Desktop,1,Premium Buyers
user_282,40,M,Delhi,Medium,Desktop,1,Premium Buyers
user_283,40,M,Bangalore,Low,Mobile,2,Tech Enthusiasts
user_284,30,F,Delhi,Medium,Mobile,0,Budget Conscious
user_285,20,F,Pune,Medium,Desktop,1,Premium Buyers
user_286,20,M,Delhi,Medium,Mobile,2,Tech Enthusiasts
user_287,30,F,Chennai,Low,Mobile,0,Budget Conscious
user_288,30,M,Mumbai,Low,Mobile,2,Tech Enthusiasts
user_289,30,M,Mumbai,Medium,Mobile,2,Tech Enthusiasts
user_290,35,M,Pune,Medium,Mobile,2,Tech Enthusiasts
user_291,45,F,Chennai,Medium,Desktop,1,Premium Buyers
user_292,20,M,Bangalore,Low,Mobile,2,Tech Enthusiasts
user_293,35,M,Chennai,High,Mobile,4,Frequent Buyers
user_294,30,F,Mumbai,Low,Desktop,1,Premium Buyers
user_295,20,F,Mumbai,High,Mobile,4,Frequent Buyers
user_296,35,F,Chennai,Low,Desktop,1,Premium Buyers
user_297,45,F,Chennai,Medium,Mobile,0,Budget Conscious
user_298,35,M,Mumbai,Low,Mobile,2,Tech Enthusiasts
user_299,45,M,Bangalore,High,Desktop,3,Casual Shoppers
user_300,30,M,Pune,Medium,Mobile,2,Tech Enthusiasts
user_301,45,M,Pune,Low,Desktop,3,Casual Shoppers
user_302,20,F,Chennai,Medium,Desktop,1,Premium Buyers
user_303,30,M,Pune,Low,Desktop,3,Casual Shoppers
user_304,20,M,Mumbai,Low,Mobile,2,Tech Enthusiasts
user_305,40,F,Mumbai,High,Desktop,3,Casual Shoppers
user_306,25,M,Chennai,Medium,Mobile,2,Tech Enthusiasts
user_307,45,M,Chennai,Medium,Mobile,2,Tech Enthusiasts
user_308,25,M,Chennai,Medium,Desktop,1,Premium Buyers
user_309,25,M,Bangalore,Medium,Mobile,2,Tech Enthusiasts
user_310,45,M,Pune,Low,Desktop,3,Casual Shoppers
user_311,30,M,Chennai,Low,Desktop,3,Casual Shoppers
user_312,40,F,Delhi,Medium,Desktop,1,Premium Buyers
user_313,20,F,Delhi,High,Mobile,4,Frequent Buyers
user_314,35,M,Mumbai,Low,Desktop,3,Casual Shoppers
user_315,20,M,Pune,Low,Mobile,2,Tech Enthusiasts
user_316,35,F,Chennai,Medium,Desktop,1,Premium Buyers
user_317,20,M,Delhi,High,Mobile,4,Frequent Buyers
user_318,45,M,Pune,Low,Mobile,2,Tech Enthusiasts
user_319,40,M,Mumbai,Medium,Mobile,2,Tech Enthusiasts
user_320,35,F,Bangalore,High,Mobile,4,Frequent Buyers
user_321,30,M,Pune,Low,Mobile,2,Tech Enthusiasts
user_322,20,F,Pune,Low,Desktop,1,Premium Buyers
user_323,20,M,Bangalore,Medium,Mobile,2,Tech Enthusiasts
user_324,35,F,Pune,High,Mobile,4,Frequent Buyers
user_325,30,F,Mumbai,Low,Mobile,0,Budget Conscious
user_326,30,M,Mumbai,Medium,Mobile,2,Tech Enthusiasts
user_327,45,F,Bangalore,Medium,Mobile,0,Budget Conscious
user_328,45,M,Chennai,Medium,Mobile,2,Tech Enthusiasts
user_329,45,F,Delhi,Medium,Mobile,0,Budget Conscious
user_330,45,M,Chennai,Medium,Mobile,2,Tech Enthusiasts
user_331,45,M,Pune,Medium,Mobile,2,Tech Enthusiasts
user_332,45,F,Delhi,Medium,Mobile,0,Budget Conscious
user_333,40,M,Bangalore,Medium,Mobile,2,Tech Enthusiasts
user_334,30,M,Bangalore,Medium,Desktop,1,Premium Buyers
user_335,45,F,Delhi,High,Desktop,3,Casual Shoppers
user_336,30,M,Mumbai,Low,Mobile,2,Tech Enthusiasts
user_337,30,M,Delhi,High,Desktop,3,Casual Shoppers
user_338,25,F,Pune,High,Mobile,4,Frequent Buyers
user_339,40,F,Mumbai,Low,Mobile,0,Budget Conscious
user_340,45,M,Bangalore,Medium,Desktop,1,Premium Buyers
user_341,20,M,Delhi,Medium,Mobile,2,Tech Enthusiasts
user_342,35,F,Chennai,Low,Desktop,1,Premium Buyers
user_343,20,F,Chennai,Medium,Mobile,0,Budget Conscious
user_344,40,M,Pune,Low,Mobile,2,Tech Enthusiasts
user_345,35,F,Chennai,Low,Mobile,0,Budget Conscious
user_346,40,M,Delhi,High,Desktop,3,Casual Shoppers
user_347,30,M,Delhi,Low,Mobile,2,Tech Enthusiasts
user_348,35,M,Chennai,High,Desktop,3,Casual Shoppers
user_349,30,M,Delhi,Medium,Mobile,2,Tech Enthusiasts
user_350,20,M,Pune,High,Mobile,4,Frequent Buyers
user_351,20,F,Mumbai,Medium,Mobile,0,Budget Conscious
user_352,35,F,Pune,Low,Mobile,0,Budget Conscious
user_353,35,F,Pune,Medium,Desktop,1,Premium Buyers
user_354,45,F,Delhi,Low,Mobile,0,Budget Conscious
user_355,40,M,Mumbai,Medium,Desktop,1,Premium Buyers
user_356,45,M,Delhi,High,Desktop,3,Casual Shoppers
user_357,40,M,Bangalore,Low,Mobile,2,Tech Enthusiasts
user_358,45,M,Delhi,Medium,Mobile,2,Tech Enthusiasts
user_359,30,F,Delhi,Medium,Mobile,0,Budget Conscious
user_360,35,M,Delhi,High,Mobile,4,Frequent Buyers
user_361,20,M,Mumbai,Medium,Mobile,2,Tech Enthusiasts
user_362,40,F,Delhi,Low,Mobile,0,Budget Conscious
user_363,40,F,Mumbai,Medium,Mobile,0,Budget Conscious
user_364,20,F,Chennai,Low,Mobile,0,Budget Conscious
user_365,45,F,Bangalore,Medium,Mobile,0,Budget Conscious
user_366,40,M,Mumbai,High,Mobile,4,Frequent Buyers
user_367,30,M,Chennai,Medium,Mobile,2,Tech Enthusiasts
user_368,35,F,Mumbai,High,Desktop,3,Casual Shoppers
user_369,20,M,Mumbai,Low,Mobile,2,Tech Enthusiasts
user_370,35,M,Bangalore,Medium,Mobile,2,Tech Enthusiasts
user_371,40,M,Pune,High,Desktop,3,Casual Shoppers
user_372,40,F,Pune,Low,Mobile,0,Budget Conscious
user_373,20,M,Mumbai,High,Mobile,4,Frequent Buyers
user_374,30,F,Delhi,Low,Mobile,0,Budget Conscious
user_375,25,M,Chennai,Medium,Mobile,2,Tech Enthusiasts
user_376,20,M,Delhi,High,Mobile,4,Frequent Buyers
user_377,25,M,Delhi,Medium,Mobile,2,Tech Enthusiasts
user_378,45,F,Mumbai,Low,Mobile,0,Budget Conscious
user_379,25,M,Mumbai,Medium,Mobile,2,Tech Enthusiasts
user_380,30,F,Mumbai,Medium,Desktop,1,Premium Buyers
user_381,45,F,Mumbai,High,Desktop,3,Casual Shoppers
user_382,25,F,Pune,Medium,Mobile,0,Budget Conscious
user_383,45,M,Mumbai,Medium,Desktop,1,Premium Buyers
user_384,25,M,Pune,Medium,Mobile,2,Tech Enthusiasts
user_385,30,M,Pune,Medium,Mobile,2,Tech Enthusiasts
user_386,25,M,Mumbai,Medium,Desktop,1,Premium Buyers
user_387,25,F,Bangalore,Medium,Mobile,0,Budget Conscious
user_388,25,F,Chennai,High,Mobile,4,Frequent Buyers
user_389,20,F,Delhi,Medium,Mobile,0,Budget Conscious
user_390,20,M,Pune,Medium,Mobile,2,Tech Enthusiasts
user_391,20,F,Chennai,Low,Desktop,1,Premium Buyers
user_392,30,M,Bangalore,Low,Desktop,3,Casual Shoppers
user_393,45,F,Delhi,Low,Desktop,1,Premium Buyers
user_394,40,M,Delhi,Low,Desktop,3,Casual Shoppers
user_395,25,M,Pune,Medium,Mobile,2,Tech Enthusiasts
user_396,25,F,Mumbai,Medium,Mobile,0,Budget Conscious
user_397,30,F,Bangalore,Medium,Mobile,0,Budget Conscious
user_398,25,F,Pune,High,Mobile,4,Frequent Buyers
user_399,20,F,Bangalore,High,Mobile,4,Frequent Buyers
user_400,40,M,Mumbai,High,Desktop,3,Casual Shoppers
user_401,35,F,Mumbai,Medium,Mobile,0,Budget Conscious
user_402,25,F,Pune,Medium,Mobile,0,Budget Conscious
user_403,20,F,Mumbai,Medium,Mobile,0,Budget Conscious
user_404,35,M,Chennai,Low,Mobile,2,Tech Enthusiasts
user_405,40,M,Delhi,Medium,Desktop,1,Premium Buyers
user_406,35,F,Pune,High,Mobile,4,Frequent Buyers
user_407,20,M,Bangalore,High,Mobile,4,Frequent Buyers
user_408,45,F,Chennai,Low,Desktop,1,Premium Buyers
user_409,45,M,Pune,Medium,Mobile,2,Tech Enthusiasts
user_410,35,M,Mumbai,High,Mobile,4,Frequent Buyers
user_411,30,M,Mumbai,Low,Mobile,2,Tech Enthusiasts
user_412,35,M,Mumbai,Medium,Desktop,1,Premium Buyers
user_413,25,F,Mumbai,High,Mobile,4,Frequent Buyers
user_414,25,F,Bangalore,Medium,Desktop,1,Premium Buyers
user_415,45,F,Chennai,Low,Desktop,1,Premium Buyers
user_416,30,M,Delhi,Medium,Mobile,2,Tech Enthusiasts
user_417,20,F,Bangalore,High,Desktop,3,Casual Shoppers
user_418,25,F,Bangalore,Medium,Desktop,1,Premium Buyers
user_419,45,F,Delhi,Low,Desktop,1,Premium Buyers
user_420,40,M,Delhi,Medium,Desktop,1,Premium Buyers
user_421,45,M,Mumbai,Medium,Mobile,2,Tech Enthusiasts
user_422,25,M,Bangalore,Medium,Mobile,2,Tech Enthusiasts
user_423,25,F,Pune,Medium,Mobile,0,Budget Conscious
user_424,45,F,Delhi,Low,Mobile,0,Budget Conscious
user_425,20,F,Delhi,High,Mobile,4,Frequent Buyers
user_426,35,M,Chennai,Low,Desktop,3,Casual Shoppers
user_427,25,M,Pune,Medium,Desktop,1,Premium Buyers
user_428,45,F,Pune,Low,Mobile,0,Budget Conscious
user_429,45,M,Delhi,Medium,Desktop,1,Premium Buyers
user_430,30,M,Mumbai,Medium,Desktop,1,Premium Buyers
user_431,35,M,Chennai,Medium,Mobile,2,Tech Enthusiasts
user_432,40,M,Pune,Low,Mobile,2,Tech Enthusiasts
user_433,20,F,Delhi,Medium,Mobile,0,Budget Conscious
user_434,40,M,Pune,Low,Desktop,3,Casual Shoppers
user_435,35,M,Chennai,Medium,Mobile,2,Tech Enthusiasts
user_436,35,M,Chennai,High,Mobile,4,Frequent Buyers
user_437,35,M,Bangalore,Medium,Mobile,2,Tech Enthusiasts
user_438,40,F,Delhi,Medium,Desktop,1,Premium Buyers
user_439,35,F,Chennai,Medium,Desktop,1,Premium Buyers
user_440,45,M,Bangalore,Low,Desktop,3,Casual Shoppers
user_441,40,M,Bangalore,Medium,Desktop,1,Premium Buyers
user_442,35,M,Pune,Medium,Desktop,1,Premium Buyers
user_443,45,M,Pune,Medium,Desktop,1,Premium Buyers
user_444,30,M,Bangalore,Low,Desktop,3,Casual Shoppers
user_445,35,M,Pune,High,Desktop,3,Casual Shoppers
user_446,40,F,Chennai,Medium,Mobile,0,Budget Conscious
user_447,25,M,Mumbai,High,Mobile,4,Frequent Buyers
user_448,35,F,Chennai,Medium,Mobile,0,Budget Conscious
user_449,25,F,Bangalore,Medium,Mobile,0,Budget Conscious
user_450,45,M,Bangalore,Low,Mobile,2,Tech Enthusiasts
user_451,30,F,Chennai,Low,Mobile,0,Budget Conscious
user_452,20,F,Pune,High,Desktop,3,Casual Shoppers
user_453,30,F,Pune,Low,Desktop,1,Premium Buyers
user_454,35,F,Bangalore,High,Desktop,3,Casual Shoppers
user_455,25,F,Delhi,Medium,Mobile,0,Budget Conscious
user_456,25,F,Pune,Low,Mobile,0,Budget Conscious
user_457,40,M,Chennai,Low,Mobile,2,Tech Enthusiasts
user_458,25,F,Pune,Low,Mobile,0,Budget Conscious
user_459,40,F,Chennai,High,Mobile,4,Frequent Buyers
user_460,45,F,Bangalore,Medium,Mobile,0,Budget Conscious
user_461,20,M,Pune,Medium,Desktop,1,Premium Buyers
user_462,35,F,Chennai,Medium,Desktop,1,Premium Buyers
user_463,40,M,Bangalore,Low,Mobile,2,Tech Enthusiasts
user_464,20,F,Delhi,Medium,Mobile,0,Budget Conscious
user_465,25,M,Chennai,Low,Mobile,2,Tech Enthusiasts
user_466,25,M,Delhi,High,Mobile,4,Frequent Buyers
user_467,20,F,Delhi,Medium,Desktop,1,Premium Buyers
user_468,25,F,Mumbai,Medium,Mobile,0,Budget Conscious
user_469,45,M,Pune,Medium,Mobile,2,Tech Enthusiasts
user_470,45,F,Chennai,Medium,Mobile,0,Budget Conscious
user_471,20,M,Delhi,High,Mobile,4,Frequent Buyers
user_472,40,M,Mumbai,Medium,Mobile,2,Tech Enthusiasts
user_473,40,M,Bangalore,Low,Desktop,3,Casual Shoppers
user_474,20,M,Chennai,Medium,Mobile,2,Tech Enthusiasts
user_475,40,M,Delhi,Low,Mobile,2,Tech Enthusiasts
user_476,40,F,Pune,Low,Mobile,0,Budget Conscious
user_477,45,M,Mumbai,High,Mobile,4,Frequent Buyers
user_478,40,M,Delhi,Medium,Desktop,1,Premium Buyers
user_479,30,F,Pune,High,Mobile,4,Frequent Buyers
user_480,35,M,Delhi,Medium,Mobile,2,Tech Enthusiasts
user_481,25,F,Chennai,Medium,Mobile,0,Budget Conscious
user_482,30,F,Chennai,Low,Mobile,0,Budget Conscious
user_483,40,F,Chennai,Low,Mobile,0,Budget Conscious
user_484,45,M,Mumbai,High,Mobile,4,Frequent Buyers
user_485,20,M,Chennai,Medium,Mobile,2,Tech Enthusiasts
user_486,40,M,Pune,High,Desktop,3,Casual Shoppers
user_487,45,F,Delhi,Medium,Mobile,0,Budget Conscious
user_488,35,M,Bangalore,Low,Desktop,3,Casual Shoppers
user_489,40,F,Pune,Medium,Mobile,0,Budget Conscious
user_490,20,M,Pune,Medium,Desktop,1,Premium Buyers
user_491,45,F,Chennai,Low,Desktop,1,Premium Buyers
user_492,45,M,Mumbai,High,Mobile,4,Frequent Buyers
user_493,45,M,Delhi,Medium,Desktop,1,Premium Buyers
user_494,35,M,Mumbai,Low,Mobile,2,Tech Enthusiasts
user_495,40,F,Delhi,Medium,Desktop,1,Premium Buyers
user_496,35,F,Delhi,High,Mobile,4,Frequent Buyers
user_497,25,M,Mumbai,Low,Mobile,2,Tech Enthusiasts
user_498,25,M,Pune,High,Mobile,4,Frequent Buyers
user_499,40,F,Delhi,Low,Desktop,1,Premium Buyers
user_500,35,F,Mumbai,Medium,Mobile,0,Budget Conscious
user_501,20,F,Delhi,Medium,Mobile,0,Budget Conscious
user_502,45,M,Bangalore,Medium,Desktop,1,Premium Buyers
user_503,45,F,Pune,Medium,Desktop,1,Premium Buyers
user_504,40,M,Chennai,Medium,Mobile,2,Tech Enthusiasts
user_505,25,F,Delhi,Medium,Mobile,0,Budget Conscious
user_506,25,M,Bangalore,Medium,Mobile,2,Tech Enthusiasts
user_507,45,F,Chennai,Low,Mobile,0,Budget Conscious
user_508,40,F,Chennai,High,Mobile,4,Frequent Buyers
user_509,35,F,Delhi,Medium,Desktop,1,Premium Buyers
user_510,25,F,Mumbai,High,Mobile,4,Frequent Buyers
user_511,35,F,Delhi,Low,Mobile,0,Budget Conscious
user_512,25,M,Bangalore,Medium,Mobile,2,Tech Enthusiasts
user_513,25,F,Chennai,Medium,Mobile,0,Budget Conscious
user_514,30,F,Delhi,Medium,Mobile,0,Budget Conscious
user_515,25,F,Mumbai,Medium,Mobile,0,Budget Conscious
user_516,20,M,Delhi,Low,Mobile,2,Tech Enthusiasts
user_517,40,F,Pune,Medium,Desktop,1,Premium Buyers
user_518,40,M,Mumbai,Medium,Mobile,2,Tech Enthusiasts
user_519,35,F,Bangalore,Low,Desktop,1,Premium Buyers
user_520,25,F,Chennai,Medium,Desktop,1,Premium Buyers
user_521,20,M,Delhi,Medium,Mobile,2,Tech Enthusiasts
user_522,35,F,Mumbai,Low,Desktop,1,Premium Buyers
user_523,30,M,Pune,High,Mobile,4,Frequent Buyers
user_524,35,M,Mumbai,High,Mobile,4,Frequent Buyers
user_525,35,F,Pune,Medium,Desktop,1,Premium Buyers
user_526,25,M,Bangalore,Low,Mobile,2,Tech Enthusiasts
user_527,30,F,Chennai,Medium,Mobile,0,Budget Conscious
user_528,35,F,Bangalore,Medium,Desktop,1,Premium Buyers
user_529,20,M,Delhi,Medium,Mobile,2,Tech Enthusiasts
user_530,20,M,Mumbai,Medium,Mobile,2,Tech Enthusiasts
user_531,40,M,Pune,Medium,Desktop,1,Premium Buyers
user_532,30,M,Pune,Medium,Mobile,2,Tech Enthusiasts
user_533,30,F,Mumbai,Medium,Mobile,0,Budget Conscious
user_534,40,F,Mumbai,Medium,Mobile,0,Budget Conscious
user_535,35,M,Delhi,High,Mobile,4,Frequent Buyers
user_536,30,F,Bangalore,Medium,Mobile,0,Budget Conscious
user_537,20,F,Pune,Medium,Desktop,1,Premium Buyers
user_538,20,F,Delhi,High,Mobile,4,Frequent Buyers
user_539,25,F,Bangalore,Medium,Mobile,0,Budget Conscious
user_540,30,M,Delhi,Medium,Desktop,1,Premium Buyers
user_541,35,M,Pune,Medium,Desktop,1,Premium Buyers
user_542,40,F,Mumbai,Medium,Mobile,0,Budget Conscious
user_543,40,M,Mumbai,High,Mobile,4,Frequent Buyers
user_544,35,M,Bangalore,Medium,Mobile,2,Tech Enthusiasts
user_545,45,M,Chennai,High,Mobile,4,Frequent Buyers
user_546,25,F,Bangalore,Low,Mobile,0,Budget Conscious
user_547,40,F,Chennai,Low,Mobile,0,Budget Conscious
user_548,30,F,Delhi,Medium,Desktop,1,Premium Buyers
user_549,25,M,Delhi,Low,Desktop,3,Casual Shoppers
user_550,30,F,Pune,Low,Mobile,0,Budget Conscious
user_551,20,F,Chennai,Medium,Mobile,0,Budget Conscious
user_552,25,M,Pune,Low,Mobile,2,Tech Enthusiasts
user_553,40,F,Mumbai,Low,Mobile,0,Budget Conscious
user_554,25,F,Chennai,High,Mobile,4,Frequent Buyers
user_555,25,M,Bangalore,Low,Desktop,3,Casual Shoppers
user_556,25,M,Mumbai,Medium,Mobile,2,Tech Enthusiasts
user_557,45,M,Mumbai,Medium,Mobile,2,Tech Enthusiasts
user_558,25,F,Bangalore,High,Desktop,3,Casual Shoppers
user_559,30,F,Mumbai,Low,Mobile,0,Budget Conscious
user_560,20,F,Chennai,High,Mobile,4,Frequent Buyers
user_561,35,M,Pune,Medium,Mobile,2,Tech Enthusiasts
user_562,25,M,Mumbai,Medium,Mobile,2,Tech Enthusiasts
user_563,40,F,Chennai,Medium,Desktop,1,Premium Buyers
user_564,25,F,Delhi,High,Mobile,4,Frequent Buyers
user_565,40,M,Chennai,Medium,Mobile,2,Tech Enthusiasts
user_566,30,M,Pune,Medium,Mobile,2,Tech Enthusiasts
user_567,40,M,Chennai,Medium,Desktop,1,Premium Buyers
user_568,35,M,Bangalore,Medium,Mobile,2,Tech Enthusiasts
user_569,20,F,Pune,High,Mobile,4,Frequent Buyers
user_570,40,M,Delhi,Low,Mobile,2,Tech Enthusiasts
user_571,40,F,Bangalore,High,Mobile,4,Frequent Buyers
user_572,20,F,Chennai,Low,Mobile,0,Budget Conscious
user_573,35,F,Pune,Low,Mobile,0,Budget Conscious
user_574,25,M,Delhi,Low,Mobile,2,Tech Enthusiasts
user_575,40,M,Bangalore,Medium,Mobile,2,Tech Enthusiasts
user_576,20,M,Delhi,Medium,Desktop,1,Premium Buyers
user_577,30,M,Chennai,Low,Mobile,2,Tech Enthusiasts
user_578,20,F,Delhi,Low,Mobile,0,Budget Conscious
user_579,30,M,Mumbai,High,Mobile,4,Frequent Buyers
user_580,35,M,Bangalore,High,Desktop,3,Casual Shoppers
user_581,25,F,Delhi,High,Mobile,4,Frequent Buyers
user_582,20,M,Chennai,High,Desktop,3,Casual Shoppers
user_583,45,F,Chennai,Medium,Desktop,1,Premium Buyers
user_584,40,F,Delhi,Low,Mobile,0,Budget Conscious
user_585,35,F,Chennai,Medium,Desktop,1,Premium Buyers
user_586,20,F,Pune,Medium,Mobile,0,Budget Conscious
user_587,40,F,Pune,Low,Mobile,0,Budget Conscious
user_588,20,F,Pune,Medium,Desktop,1,Premium Buyers
user_589,30,F,Mumbai,Low,Desktop,1,Premium Buyers
user_590,20,F,Delhi,Medium,Mobile,0,Budget Conscious
user_591,45,M,Mumbai,Medium,Mobile,2,Tech Enthusiasts
user_592,20,M,Chennai,Medium,Mobile,2,Tech Enthusiasts
user_593,20,M,Mumbai,Medium,Desktop,1,Premium Buyers
user_594,45,M,Chennai,Medium,Mobile,2,Tech Enthusiasts
user_595,35,F,Chennai,Low,Mobile,0,Budget Conscious
user_596,20,M,Bangalore,Low,Mobile,2,Tech Enthusiasts
user_597,45,F,Pune,High,Mobile,4,Frequent Buyers
user_598,40,M,Chennai,Medium,Desktop,1,Premium Buyers
user_599,30,M,Bangalore,Low,Mobile,2,Tech Enthusiasts
user_600,30,M,Pune,High,Desktop,3,Casual Shoppers
user_601,20,F,Chennai,Low,Mobile,0,Budget Conscious
user_602,35,M,Chennai,Medium,Desktop,1,Premium Buyers
user_603,35,F,Mumbai,Low,Mobile,0,Budget Conscious
user_604,40,F,Mumbai,Medium,Mobile,0,Budget Conscious
user_605,20,M,Pune,Medium,Mobile,2,Tech Enthusiasts
user_606,30,M,Chennai,Low,Mobile,2,Tech Enthusiasts
user_607,35,M,Delhi,High,Mobile,4,Frequent Buyers
user_608,20,F,Mumbai,Medium,Desktop,1,Premium Buyers
user_609,35,M,Pune,Low,Mobile,2,Tech Enthusiasts
user_610,45,F,Chennai,Low,Mobile,0,Budget Conscious
user_611,35,F,Chennai,Low,Mobile,0,Budget Conscious
user_612,30,M,Delhi,Low,Mobile,2,Tech Enthusiasts
user_613,25,M,Pune,Medium,Mobile,2,Tech Enthusiasts
user_614,40,F,Chennai,High,Desktop,3,Casual Shoppers
user_615,40,F,Mumbai,Medium,Desktop,1,Premium Buyers
user_616,30,F,Delhi,Low,Mobile,0,Budget Conscious
user_617,35,M,Pune,Low,Mobile,2,Tech Enthusiasts
user_618,20,F,Delhi,Low,Mobile,0,Budget Conscious
user_619,35,M,Mumbai,Medium,Mobile,2,Tech Enthusiasts
user_620,30,F,Pune,Medium,Mobile,0,Budget Conscious
user_621,40,F,Delhi,Low,Mobile,0,Budget Conscious
user_622,35,M,Bangalore,Medium,Mobile,2,Tech Enthusiasts
user_623,40,F,Mumbai,High,Mobile,4,Frequent Buyers
user_624,20,M,Mumbai,Medium,Desktop,1,Premium Buyers
user_625,40,M,Mumbai,High,Mobile,4,Frequent Buyers
user_626,40,F,Bangalore,Medium,Mobile,0,Budget Conscious
user_627,25,M,Bangalore,Medium,Mobile,2,Tech Enthusiasts
user_628,25,M,Chennai,Medium,Mobile,2,Tech Enthusiasts
user_629,45,F,Delhi,Medium,Desktop,1,Premium Buyers
user_630,25,M,Chennai,Low,Desktop,3,Casual Shoppers
user_631,40,M,Delhi,Medium,Desktop,1,Premium Buyers
user_632,30,M,Bangalore,Low,Mobile,2,Tech Enthusiasts
user_633,40,F,Bangalore,Medium,Desktop,1,Premium Buyers
user_634,30,M,Chennai,Low,Mobile,2,Tech Enthusiasts
user_635,30,F,Pune,High,Desktop,3,Casual Shoppers
user_636,25,F,Chennai,Medium,Mobile,0,Budget Conscious
user_637,35,M,Delhi,Medium,Desktop,1,Premium Buyers
user_638,20,M,Chennai,Low,Desktop,3,Casual Shoppers
user_639,25,M,Mumbai,High,Desktop,3,Casual Shoppers
user_640,25,F,Delhi,High,Mobile,4,Frequent Buyers
user_641,35,M,Delhi,Medium,Mobile,2,Tech Enthusiasts
user_642,20,M,Pune,Low,Desktop,3,Casual Shoppers
user_643,40,M,Bangalore,Medium,Mobile,2,Tech Enthusiasts
user_644,45,M,Delhi,Low,Desktop,3,Casual Shoppers
user_645,45,M,Bangalore,Low,Mobile,2,Tech Enthusiasts
user_646,40,F,Chennai,Medium,Mobile,0,Budget Conscious
user_647,25,F,Mumbai,Medium,Desktop,1,Premium Buyers
user_648,20,M,Pune,Medium,Mobile,2,Tech Enthusiasts
user_649,25,M,Bangalore,High,Mobile,4,Frequent Buyers
user_650,30,M,Delhi,Medium,Mobile,2,Tech Enthusiasts
user_651,25,M,Bangalore,Medium,Mobile,2,Tech Enthusiasts
user_652,25,F,Delhi,Medium,Desktop,1,Premium Buyers
user_653,40,M,Bangalore,High,Mobile,4,Frequent Buyers
user_654,40,F,Delhi,Low,Desktop,1,Premium Buyers
user_655,40,F,Chennai,High,Desktop,3,Casual Shoppers
user_656,45,M,Delhi,High,Mobile,4,Frequent Buyers
user_657,30,F,Delhi,Low,Desktop,1,Premium Buyers
user_658,40,F,Mumbai,Medium,Mobile,0,Budget Conscious
user_659,20,F,Delhi,High,Mobile,4,Frequent Buyers
user_660,45,F,Mumbai,Medium,Desktop,1,Premium Buyers
user_661,35,M,Pune,High,Mobile,4,Frequent Buyers
user_662,20,M,Mumbai,High,Mobile,4,Frequent Buyers
user_663,20,F,Chennai,Medium,Mobile,0,Budget Conscious
user_664,40,M,Mumbai,Medium,Mobile,2,Tech Enthusiasts
user_665,35,M,Pune,High,Mobile,4,Frequent Buyers
user_666,35,M,Chennai,Medium,Desktop,1,Premium Buyers
user_667,45,M,Bangalore,Low,Mobile,2,Tech Enthusiasts
user_668,35,M,Bangalore,Low,Mobile,2,Tech Enthusiasts
user_669,30,F,Mumbai,Medium,Mobile,0,Budget Conscious
user_670,40,M,Mumbai,High,Mobile,4,Frequent Buyers
user_671,35,M,Pune,High,Mobile,4,Frequent Buyers
user_672,45,M,Pune,Medium,Mobile,2,Tech Enthusiasts
user_673,30,M,Delhi,Low,Mobile,2,Tech Enthusiasts
user_674,25,F,Pune,Low,Mobile,0,Budget Conscious
user_675,25,F,Delhi,High,Mobile,4,Frequent Buyers
user_676,30,F,Chennai,Low,Mobile,0,Budget Conscious
user_677,45,F,Mumbai,Low,Desktop,1,Premium Buyers
user_678,30,M,Chennai,Low,Desktop,3,Casual Shoppers
user_679,40,F,Pune,Medium,Mobile,0,Budget Conscious
user_680,40,M,Chennai,High,Desktop,3,Casual Shoppers
user_681,25,M,Chennai,Low,Desktop,3,Casual Shoppers
user_682,35,M,Chennai,Medium,Mobile,2,Tech Enthusiasts
user_683,45,M,Pune,Medium,Mobile,2,Tech Enthusiasts
user_684,25,M,Chennai,High,Desktop,3,Casual Shoppers
user_685,35,F,Delhi,Low,Desktop,1,Premium Buyers
user_686,35,F,Pune,Medium,Mobile,0,Budget Conscious
user_687,40,F,Chennai,Medium,Desktop,1,Premium Buyers
user_688,20,F,Pune,High,Mobile,4,Frequent Buyers
user_689,20,M,Bangalore,Medium,Desktop,1,Premium Buyers
user_690,30,F,Delhi,Low,Desktop,1,Premium Buyers
user_691,40,M,Chennai,Medium,Mobile,2,Tech Enthusiasts
user_692,35,F,Bangalore,Medium,Desktop,1,Premium Buyers
user_693,45,M,Bangalore,Low,Mobile,2,Tech Enthusiasts
user_694,20,M,Pune,High,Mobile,4,Frequent Buyers
user_695,35,F,Bangalore,Low,Desktop,1,Premium Buyers
user_696,20,M,Delhi,Medium,Mobile,2,Tech Enthusiasts
user_697,20,M,Delhi,Medium,Mobile,2,Tech Enthusiasts
user_698,20,F,Mumbai,Medium,Mobile,0,Budget Conscious
user_699,45,M,Delhi,Medium,Mobile,2,Tech Enthusiasts
user_700,40,F,Bangalore,High,Mobile,4,Frequent Buyers
user_701,45,F,Delhi,Medium,Desktop,1,Premium Buyers
user_702,25,F,Pune,Medium,Mobile,0,Budget Conscious
user_703,35,M,Mumbai,Medium,Mobile,2,Tech Enthusiasts
user_704,40,M,Bangalore,Medium,Mobile,2,Tech Enthusiasts
user_705,40,M,Mumbai,Low,Desktop,3,Casual Shoppers
user_706,40,F,Bangalore,Medium,Desktop,1,Premium Buyers
user_707,40,M,Pune,High,Desktop,3,Casual Shoppers
user_708,45,F,Mumbai,Low,Desktop,1,Premium Buyers
user_709,40,F,Chennai,Medium,Desktop,1,Premium Buyers
user_710,30,M,Bangalore,High,Mobile,4,Frequent Buyers
user_711,35,F,Chennai,Low,Mobile,0,Budget Conscious
user_712,40,M,Mumbai,Medium,Mobile,2,Tech Enthusiasts
user_713,35,M,Chennai,Medium,Desktop,1,Premium Buyers
user_714,30,M,Chennai,Medium,Desktop,1,Premium Buyers
user_715,30,M,Mumbai,Low,Mobile,2,Tech Enthusiasts
user_716,35,M,Pune,Low,Desktop,3,Casual Shoppers
user_717,20,F,Chennai,Medium,Mobile,0,Budget Conscious
user_718,25,F,Chennai,High,Mobile,4,Frequent Buyers
user_719,20,F,Pune,Medium,Mobile,0,Budget Conscious
user_720,20,M,Chennai,Medium,Mobile,2,Tech Enthusiasts
user_721,45,M,Chennai,Low,Mobile,2,Tech Enthusiasts
user_722,20,M,Chennai,Medium,Mobile,2,Tech Enthusiasts
user_723,40,F,Delhi,Low,Mobile,0,Budget Conscious
user_724,45,M,Pune,High,Mobile,4,Frequent Buyers
user_725,45,F,Chennai,High,Desktop,3,Casual Shoppers
user_726,30,F,Pune,Medium,Desktop,1,Premium Buyers
user_727,20,M,Bangalore,High,Desktop,3,Casual Shoppers
user_728,30,M,Bangalore,Low,Mobile,2,Tech Enthusiasts
user_729,35,F,Chennai,Medium,Mobile,0,Budget Conscious
user_730,25,M,Pune,Medium,Desktop,1,Premium Buyers
user_731,45,F,Pune,High,Mobile,4,Frequent Buyers
user_732,35,M,Pune,Low,Mobile,2,Tech Enthusiasts
user_733,35,M,Delhi,Medium,Mobile,2,Tech Enthusiasts
user_734,40,F,Bangalore,High,Mobile,4,Frequent Buyers
user_735,25,M,Pune,Low,Mobile,2,Tech Enthusiasts
user_736,35,F,Pune,Medium,Mobile,0,Budget Conscious
user_737,35,M,Delhi,Medium,Mobile,2,Tech Enthusiasts
user_738,25,F,Delhi,Medium,Mobile,0,Budget Conscious
user_739,25,F,Pune,Low,Mobile,0,Budget Conscious
user_740,35,M,Mumbai,Low,Mobile,2,Tech Enthusiasts
user_741,25,F,Pune,Low,Mobile,0,Budget Conscious
user_742,35,M,Pune,High,Mobile,4,Frequent Buyers
user_743,35,M,Delhi,Medium,Mobile,2,Tech Enthusiasts
user_744,40,M,Delhi,Low,Mobile,2,Tech Enthusiasts
user_745,20,F,Pune,Medium,Mobile,0,Budget Conscious
user_746,35,F,Pune,Medium,Mobile,0,Budget Conscious
user_747,30,M,Pune,Low,Mobile,2,Tech Enthusiasts
user_748,45,M,Delhi,Medium,Desktop,1,Premium Buyers
user_749,20,F,Pune,Medium,Mobile,0,Budget Conscious
user_750,20,M,Pune,Medium,Mobile,2,Tech Enthusiasts
user_751,20,M,Chennai,Medium,Mobile,2,Tech Enthusiasts
user_752,40,F,Mumbai,Low,Mobile,0,Budget Conscious
user_753,35,M,Bangalore,Medium,Mobile,2,Tech Enthusiasts
user_754,40,F,Mumbai,Medium,Mobile,0,Budget Conscious
user_755,35,M,Chennai,Medium,Desktop,1,Premium Buyers
user_756,40,F,Bangalore,Medium,Mobile,0,Budget Conscious
user_757,40,M,Pune,Medium,Mobile,2,Tech Enthusiasts
user_758,45,M,Chennai,High,Mobile,4,Frequent Buyers
user_759,30,F,Pune,Medium,Desktop,1,Premium Buyers
user_760,40,M,Delhi,Medium,Mobile,2,Tech Enthusiasts
user_761,45,F,Chennai,High,Desktop,3,Casual Shoppers
user_762,25,M,Delhi,Medium,Mobile,2,Tech Enthusiasts
user_763,30,F,Chennai,Low,Desktop,1,Premium Buyers
user_764,40,F,Chennai,Low,Desktop,1,Premium Buyers
user_765,20,F,Delhi,Low,Mobile,0,Budget Conscious
user_766,25,F,Bangalore,High,Mobile,4,Frequent Buyers
user_767,25,M,Mumbai,Medium,Mobile,2,Tech Enthusiasts
user_768,45,M,Pune,High,Mobile,4,Frequent Buyers
user_769,25,F,Chennai,Medium,Desktop,1,Premium Buyers
user_770,30,F,Pune,Medium,Mobile,0,Budget Conscious
user_771,40,F,Delhi,Low,Mobile,0,Budget Conscious
user_772,40,M,Pune,Medium,Mobile,2,Tech Enthusiasts
user_773,20,M,Delhi,Medium,Desktop,1,Premium Buyers
user_774,45,M,Pune,High,Mobile,4,Frequent Buyers
user_775,20,M,Mumbai,Low,Mobile,2,Tech Enthusiasts
user_776,25,F,Mumbai,Medium,Mobile,0,Budget Conscious
user_777,20,F,Mumbai,Medium,Desktop,1,Premium Buyers
user_778,30,F,Mumbai,Medium,Mobile,0,Budget Conscious
user_779,40,M,Mumbai,Medium,Mobile,2,Tech Enthusiasts
user_780,25,M,Mumbai,Medium,Mobile,2,Tech Enthusiasts
user_781,20,M,Delhi,Low,Mobile,2,Tech Enthusiasts
user_782,45,F,Chennai,Medium,Mobile,0,Budget Conscious
user_783,30,F,Pune,Medium,Desktop,1,Premium Buyers
user_784,30,M,Mumbai,High,Desktop,3,Casual Shoppers
user_785,20,F,Delhi,High,Mobile,4,Frequent Buyers
user_786,40,M,Delhi,Medium,Desktop,1,Premium Buyers
user_787,20,M,Delhi,Low,Mobile,2,Tech Enthusiasts
user_788,25,F,Chennai,High,Desktop,3,Casual Shoppers
user_789,20,M,Pune,Medium,Desktop,1,Premium Buyers
user_790,30,F,Chennai,High,Mobile,4,Frequent Buyers
user_791,20,M,Bangalore,Low,Desktop,3,Casual Shoppers
user_792,40,F,Delhi,Medium,Mobile,0,Budget Conscious
user_793,45,F,Bangalore,High,Mobile,4,Frequent Buyers
user_794,35,F,Mumbai,High,Mobile,4,Frequent Buyers
user_795,20,M,Mumbai,Medium,Mobile,2,Tech Enthusiasts
user_796,40,M,Chennai,Medium,Desktop,1,Premium Buyers
user_797,40,F,Pune,Medium,Desktop,1,Premium Buyers
user_798,45,F,Bangalore,Low,Mobile,0,Budget Conscious
user_799,30,M,Pune,Medium,Desktop,1,Premium Buyers
user_800,40,M,Chennai,Medium,Desktop,1,Premium Buyers
user_801,40,M,Mumbai,High,Mobile,4,Frequent Buyers
user_802,40,F,Pune,Medium,Mobile,0,Budget Conscious
user_803,40,M,Pune,Low,Mobile,2,Tech Enthusiasts
user_804,25,M,Mumbai,Low,Mobile,2,Tech Enthusiasts
user_805,25,F,Bangalore,Medium,Desktop,1,Premium Buyers
user_806,30,M,Mumbai,Medium,Mobile,2,Tech Enthusiasts
user_807,20,M,Pune,Medium,Desktop,1,Premium Buyers
user_808,40,M,Bangalore,Medium,Mobile,2,Tech Enthusiasts
user_809,45,F,Bangalore,High,Mobile,4,Frequent Buyers
user_810,20,F,Mumbai,High,Mobile,4,Frequent Buyers
user_811,45,F,Pune,Medium,Mobile,0,Budget Conscious
user_812,20,F,Chennai,High,Mobile,4,Frequent Buyers
user_813,30,F,Pune,Medium,Mobile,0,Budget Conscious
user_814,40,F,Delhi,Medium,Mobile,0,Budget Conscious
user_815,40,F,Chennai,Low,Mobile,0,Budget Conscious
user_816,35,M,Bangalore,Medium,Mobile,2,Tech Enthusiasts
user_817,45,M,Chennai,Medium,Desktop,1,Premium Buyers
user_818,20,F,Bangalore,High,Mobile,4,Frequent Buyers
user_819,20,M,Bangalore,Medium,Mobile,2,Tech Enthusiasts
user_820,25,M,Chennai,High,Mobile,4,Frequent Buyers
user_821,35,F,Bangalore,Medium,Mobile,0,Budget Conscious
user_822,25,M,Bangalore,Low,Desktop,3,Casual Shoppers
user_823,25,M,Delhi,High,Mobile,4,Frequent Buyers
user_824,25,M,Pune,Medium,Mobile,2,Tech Enthusiasts
user_825,45,M,Pune,Medium,Desktop,1,Premium Buyers
user_826,45,M,Delhi,Medium,Mobile,2,Tech Enthusiasts
user_827,30,F,Chennai,Low,Mobile,0,Budget Conscious
user_828,30,F,Mumbai,Medium,Mobile,0,Budget Conscious
user_829,25,F,Mumbai,Medium,Mobile,0,Budget Conscious
user_830,35,M,Mumbai,Medium,Mobile,2,Tech Enthusiasts
user_831,20,F,Delhi,High,Mobile,4,Frequent Buyers
user_832,45,M,Delhi,Medium,Desktop,1,Premium Buyers
user_833,35,M,Bangalore,Low,Desktop,3,Casual Shoppers
user_834,40,M,Mumbai,Medium,Mobile,2,Tech Enthusiasts
user_835,45,M,Chennai,High,Mobile,4,Frequent Buyers
user_836,45,F,Chennai,Low,Desktop,1,Premium Buyers
user_837,30,F,Mumbai,Low,Mobile,0,Budget Conscious
user_838,20,M,Mumbai,Low,Desktop,3,Casual Shoppers
user_839,20,F,Mumbai,Low,Desktop,1,Premium Buyers
user_840,40,M,Delhi,High,Desktop,3,Casual Shoppers
user_841,40,F,Delhi,Medium,Mobile,0,Budget Conscious
user_842,45,F,Delhi,Medium,Mobile,0,Budget Conscious
user_843,25,M,Pune,Medium,Mobile,2,Tech Enthusiasts
user_844,30,F,Chennai,Medium,Desktop,1,Premium Buyers
user_845,30,M,Chennai,High,Mobile,4,Frequent Buyers
user_846,45,F,Bangalore,High,Desktop,3,Casual Shoppers
user_847,35,M,Delhi,Medium,Mobile,2,Tech Enthusiasts
user_848,25,M,Pune,High,Mobile,4,Frequent Buyers
user_849,45,F,Pune,Medium,Mobile,0,Budget Conscious
user_850,25,F,Chennai,Medium,Mobile,0,Budget Conscious
user_851,25,M,Delhi,Low,Mobile,2,Tech Enthusiasts
user_852,25,F,Bangalore,Medium,Mobile,0,Budget Conscious
user_853,45,F,Delhi,Medium,Desktop,1,Premium Buyers
user_854,30,M,Mumbai,High,Mobile,4,Frequent Buyers
user_855,30,M,Delhi,Medium,Mobile,2,Tech Enthusiasts
user_856,25,F,Mumbai,High,Mobile,4,Frequent Buyers
user_857,35,M,Mumbai,Medium,Desktop,1,Premium Buyers
user_858,20,M,Bangalore,High,Desktop,3,Casual Shoppers
user_859,45,M,Chennai,Medium,Mobile,2,Tech Enthusiasts
user_860,20,F,Delhi,Medium,Desktop,1,Premium Buyers
user_861,35,F,Mumbai,Medium,Desktop,1,Premium Buyers
user_862,45,M,Delhi,High,Mobile,4,Frequent Buyers
user_863,25,F,Chennai,Low,Mobile,0,Budget Conscious
user_864,30,M,Chennai,High,Mobile,4,Frequent Buyers
user_865,20,F,Pune,Low,Mobile,0,Budget Conscious
user_866,40,M,Chennai,Medium,Desktop,1,Premium Buyers
user_867,40,M,Bangalore,High,Mobile,4,Frequent Buyers
user_868,35,F,Mumbai,Low,Desktop,1,Premium Buyers
user_869,25,M,Pune,Low,Mobile,2,Tech Enthusiasts
user_870,20,F,Bangalore,Medium,Mobile,0,Budget Conscious
user_871,25,F,Delhi,High,Mobile,4,Frequent Buyers
user_872,20,M,Mumbai,Low,Mobile,2,Tech Enthusiasts
user_873,35,M,Chennai,High,Desktop,3,Casual Shoppers
user_874,35,F,Mumbai,Low,Desktop,1,Premium Buyers
user_875,40,M,Delhi,High,Mobile,4,Frequent Buyers
user_876,25,M,Pune,High,Mobile,4,Frequent Buyers
user_877,45,M,Pune,Medium,Mobile,2,Tech Enthusiasts
user_878,40,M,Pune,Medium,Mobile,2,Tech Enthusiasts
user_879,25,M,Chennai,Medium,Mobile,2,Tech Enthusiasts
user_880,40,F,Bangalore,Medium,Mobile,0,Budget Conscious
user_881,45,F,Bangalore,Low,Mobile,0,Budget Conscious
user_882,30,M,Mumbai,Low,Desktop,3,Casual Shoppers
user_883,30,M,Chennai,Low,Mobile,2,Tech Enthusiasts
user_884,30,M,Pune,Medium,Mobile,2,Tech Enthusiasts
user_885,30,F,Pune,Low,Mobile,0,Budget Conscious
user_886,20,M,Delhi,Medium,Mobile,2,Tech Enthusiasts
user_887,30,F,Delhi,High,Mobile,4,Frequent Buyers
user_888,45,F,Pune,Medium,Desktop,1,Premium Buyers
user_889,35,F,Pune,Medium,Desktop,1,Premium Buyers
user_890,35,M,Chennai,Medium,Mobile,2,Tech Enthusiasts
user_891,20,F,Bangalore,High,Mobile,4,Frequent Buyers
user_892,30,M,Delhi,High,Mobile,4,Frequent Buyers
user_893,30,F,Bangalore,High,Desktop,3,Casual Shoppers
user_894,30,M,Chennai,High,Mobile,4,Frequent Buyers
user_895,40,F,Pune,Low,Mobile,0,Budget Conscious
user_896,25,M,Bangalore,High,Mobile,4,Frequent Buyers
user_897,40,F,Pune,Medium,Mobile,0,Budget Conscious
user_898,25,M,Pune,Low,Mobile,2,Tech Enthusiasts
user_899,30,M,Mumbai,High,Desktop,3,Casual Shoppers
user_900,30,M,Bangalore,Low,Mobile,2,Tech Enthusiasts
user_901,40,M,Bangalore,Medium,Mobile,2,Tech Enthusiasts
user_902,40,F,Pune,Low,Mobile,0,Budget Conscious
user_903,25,F,Chennai,Medium,Desktop,1,Premium Buyers
user_904,35,M,Mumbai,Medium,Desktop,1,Premium Buyers
user_905,25,F,Pune,Medium,Mobile,0,Budget Conscious
user_906,40,M,Delhi,Medium,Desktop,1,Premium Buyers
user_907,45,M,Delhi,Medium,Mobile,2,Tech Enthusiasts
user_908,40,F,Mumbai,High,Mobile,4,Frequent Buyers
user_909,45,M,Chennai,Low,Mobile,2,Tech Enthusiasts
user_910,20,M,Pune,Medium,Mobile,2,Tech Enthusiasts
user_911,40,F,Bangalore,High,Mobile,4,Frequent Buyers
user_912,20,M,Mumbai,High,Mobile,4,Frequent Buyers
user_913,35,M,Chennai,Medium,Mobile,2,Tech Enthusiasts
user_914,25,M,Bangalore,Medium,Desktop,1,Premium Buyers
user_915,45,M,Delhi,High,Mobile,4,Frequent Buyers
user_916,25,F,Delhi,High,Mobile,4,Frequent Buyers
user_917,20,F,Bangalore,Medium,Mobile,0,Budget Conscious
user_918,45,F,Mumbai,Low,Desktop,1,Premium Buyers
user_919,25,M,Delhi,Low,Mobile,2,Tech Enthusiasts
user_920,40,M,Pune,Low,Mobile,2,Tech Enthusiasts
user_921,30,F,Bangalore,Medium,Desktop,1,Premium Buyers
user_922,20,M,Bangalore,Low,Mobile,2,Tech Enthusiasts
user_923,25,M,Delhi,Medium,Mobile,2,Tech Enthusiasts
user_924,20,M,Mumbai,Medium,Desktop,1,Premium Buyers
user_925,20,M,Pune,Low,Mobile,2,Tech Enthusiasts
user_926,45,F,Mumbai,High,Mobile,4,Frequent Buyers
user_927,45,F,Chennai,Medium,Mobile,0,Budget Conscious
user_928,30,F,Chennai,Low,Mobile,0,Budget Conscious
user_929,40,M,Delhi,High,Mobile,4,Frequent Buyers
user_930,20,F,Delhi,Low,Mobile,0,Budget Conscious
user_931,25,F,Delhi,Medium,Mobile,0,Budget Conscious
user_932,35,M,Chennai,Medium,Mobile,2,Tech Enthusiasts
user_933,20,M,Mumbai,Medium,Desktop,1,Premium Buyers
user_934,20,F,Mumbai,High,Mobile,4,Frequent Buyers
user_935,30,F,Delhi,Medium,Mobile,0,Budget Conscious
user_936,40,F,Pune,Medium,Desktop,1,Premium Buyers
user_937,35,F,Mumbai,Low,Mobile,0,Budget Conscious
user_938,45,M,Chennai,Low,Mobile,2,Tech Enthusiasts
user_939,45,F,Bangalore,High,Desktop,3,Casual Shoppers
user_940,25,F,Bangalore,Medium,Mobile,0,Budget Conscious
user_941,35,M,Bangalore,Medium,Mobile,2,Tech Enthusiasts
user_942,45,F,Pune,Medium,Desktop,1,Premium Buyers
user_943,25,M,Delhi,Medium,Mobile,2,Tech Enthusiasts
user_944,40,M,Chennai,Low,Mobile,2,Tech Enthusiasts
user_945,25,M,Pune,Medium,Mobile,2,Tech Enthusiasts
user_946,45,F,Chennai,Medium,Mobile,0,Budget Conscious
user_947,30,F,Chennai,Low,Mobile,0,Budget Conscious
user_948,30,M,Delhi,Low,Desktop,3,Casual Shoppers
user_949,30,F,Bangalore,Low,Mobile,0,Budget Conscious
user_950,45,F,Delhi,Medium,Desktop,1,Premium Buyers
user_951,30,M,Pune,High,Mobile,4,Frequent Buyers
user_952,35,M,Pune,Low,Desktop,3,Casual Shoppers
user_953,40,F,Pune,Low,Desktop,1,Premium Buyers
user_954,25,M,Delhi,Medium,Mobile,2,Tech Enthusiasts
user_955,25,F,Chennai,Medium,Mobile,0,Budget Conscious
user_956,45,F,Chennai,Medium,Mobile,0,Budget Conscious
user_957,30,F,Mumbai,Medium,Mobile,0,Budget Conscious
user_958,30,F,Pune,Medium,Desktop,1,Premium Buyers
user_959,20,M,Chennai,Medium,Desktop,1,Premium Buyers
user_960,40,M,Mumbai,High,Mobile,4,Frequent Buyers
user_961,35,M,Chennai,High,Mobile,4,Frequent Buyers
user_962,25,M,Pune,Low,Mobile,2,Tech Enthusiasts
user_963,20,F,Bangalore,Low,Mobile,0,Budget Conscious
user_964,20,F,Pune,Low,Mobile,0,Budget Conscious
user_965,45,M,Delhi,Medium,Desktop,1,Premium Buyers
user_966,25,F,Chennai,High,Desktop,3,Casual Shoppers
user_967,45,F,Chennai,Medium,Mobile,0,Budget Conscious
user_968,35,F,Delhi,Low,Mobile,0,Budget Conscious
user_969,20,M,Delhi,Medium,Mobile,2,Tech Enthusiasts
user_970,20,M,Bangalore,Medium,Mobile,2,Tech Enthusiasts
user_971,40,M,Chennai,Low,Mobile,2,Tech Enthusiasts
user_972,35,F,Chennai,Medium,Mobile,0,Budget Conscious
user_973,20,M,Bangalore,Medium,Desktop,1,Premium Buyers
user_974,35,M,Mumbai,Medium,Mobile,2,Tech Enthusiasts
user_975,25,M,Bangalore,Low,Mobile,2,Tech Enthusiasts
user_976,30,M,Pune,Low,Desktop,3,Casual Shoppers
user_977,20,M,Chennai,Medium,Desktop,1,Premium Buyers
user_978,40,M,Delhi,Low,Mobile,2,Tech Enthusiasts
user_979,25,F,Pune,Medium,Mobile,0,Budget Conscious
user_980,35,F,Chennai,Medium,Mobile,0,Budget Conscious
user_981,45,M,Bangalore,Medium,Desktop,1,Premium Buyers
user_982,25,M,Pune,High,Desktop,3,Casual Shoppers
user_983,20,F,Chennai,Medium,Mobile,0,Budget Conscious
user_984,35,F,Mumbai,Low,Mobile,0,Budget Conscious
user_985,30,M,Mumbai,Medium,Desktop,1,Premium Buyers
user_986,25,M,Delhi,Medium,Mobile,2,Tech Enthusiasts
user_987,20,M,Chennai,Medium,Mobile,2,Tech Enthusiasts
user_988,40,M,Mumbai,Low,Mobile,2,Tech Enthusiasts
user_989,45,F,Bangalore,High,Mobile,4,Frequent Buyers
user_990,35,M,Chennai,Medium,Mobile,2,Tech Enthusiasts
user_991,25,M,Bangalore,Low,Desktop,3,Casual Shoppers
user_992,25,M,Bangalore,Low,Desktop,3,Casual Shoppers
user_993,30,M,Mumbai,Low,Mobile,2,Tech Enthusiasts
user_994,30,F,Chennai,High,Mobile,4,Frequent Buyers
user_995,40,F,Pune,Low,Mobile,0,Budget Conscious
user_996,45,F,Mumbai,Low,Mobile,0,Budget Conscious
user_997,40,M,Mumbai,High,Mobile,4,Frequent Buyers
user_998,20,M,Chennai,Medium,Desktop,1,Premium Buyers
user_999,20,F,Chennai,Low,Mobile,0,Budget Conscious
user_1000,40,M,Bangalore,Low,Mobile,2,Tech Enthusiasts
